t,theta_rad,theta_deg,q,delta_e
0,-0.0872665,-5,0,1.06514
0.01,-0.0872045,-4.99645,0.0123799,1.02774
0.02,-0.0870211,-4.98594,0.0242861,0.991251
0.03,-0.0867209,-4.96874,0.0357289,0.95566
0.04,-0.0863086,-4.94512,0.0467185,0.920958
0.05,-0.0857886,-4.91532,0.0572651,0.887132
0.06,-0.0851653,-4.87961,0.0673787,0.854172
0.07,-0.084443,-4.83823,0.0770694,0.822065
0.08,-0.0836258,-4.79141,0.0863468,0.7908
0.09,-0.0827179,-4.73939,0.0952208,0.760365
0.1,-0.0817232,-4.6824,0.103701,0.730749
0.11,-0.0806457,-4.62066,0.111797,0.701939
0.12,-0.079489,-4.55438,0.119518,0.673924
0.13,-0.078257,-4.48379,0.126874,0.646691
0.14,-0.0769532,-4.40909,0.133874,0.620229
0.15,-0.0755811,-4.33048,0.140526,0.594525
0.16,-0.0741442,-4.24815,0.14684,0.569567
0.17,-0.0726458,-4.1623,0.152825,0.545343
0.18,-0.0710892,-4.07311,0.158489,0.521841
0.19,-0.0694775,-3.98077,0.163841,0.499048
0.2,-0.0678138,-3.88544,0.16889,0.476951
0.21,-0.066101,-3.78731,0.173643,0.45554
0.22,-0.0643422,-3.68654,0.17811,0.434801
0.23,-0.0625401,-3.58328,0.182298,0.414723
0.24,-0.0606975,-3.47771,0.186215,0.395292
0.25,-0.058817,-3.36997,0.18987,0.376497
0.26,-0.0569013,-3.2602,0.193269,0.358326
0.27,-0.0549528,-3.14856,0.196421,0.340766
0.28,-0.0529739,-3.03518,0.199332,0.323806
0.29,-0.0509672,-2.9202,0.202012,0.307432
0.3,-0.0489347,-2.80375,0.204465,0.291634
0.31,-0.0468789,-2.68596,0.206701,0.2764
0.32,-0.0448017,-2.56695,0.208724,0.261717
0.33,-0.0427053,-2.44683,0.210544,0.247573
0.34,-0.0405917,-2.32573,0.212165,0.233958
0.35,-0.0384629,-2.20376,0.213595,0.22086
0.36,-0.0363206,-2.08102,0.214841,0.208266
0.37,-0.0341668,-1.95762,0.215907,0.196167
0.38,-0.0320033,-1.83365,0.216802,0.18455
0.39,-0.0298316,-1.70922,0.21753,0.173404
0.4,-0.0276534,-1.58442,0.218097,0.162718
0.41,-0.0254703,-1.45934,0.21851,0.152483
0.42,-0.0232838,-1.33407,0.218774,0.142685
0.43,-0.0210955,-1.20868,0.218895,0.133316
0.44,-0.0189066,-1.08327,0.218877,0.124365
0.45,-0.0167185,-0.9579,0.218727,0.115821
0.46,-0.0145326,-0.832656,0.218449,0.107673
0.47,-0.0123501,-0.707607,0.218049,0.0999129
0.48,-0.0101721,-0.582821,0.217531,0.0925294
0.49,-0.00799996,-0.458364,0.2169,0.085513
0.5,-0.00583462,-0.334299,0.216161,0.0788542
0.51,-0.00367719,-0.210687,0.215319,0.0725433
0.52,-0.00152867,-0.0875866,0.214378,0.066571
0.53,0.000609951,0.0349476,0.213342,0.0609281
0.54,0.00273776,0.156862,0.212215,0.0556055
0.55,0.00485388,0.278107,0.211002,0.0505943
0.56,0.00695745,0.398633,0.209707,0.0458857
0.57,0.00904768,0.518394,0.208334,0.0414712
0.58,0.0111238,0.637347,0.206886,0.0373422
0.59,0.0131851,0.75545,0.205367,0.0334904
0.6,0.0152309,0.872664,0.203781,0.0299077
0.61,0.0172604,0.988951,0.202131,0.0265861
0.62,0.0192732,1.10427,0.200421,0.0235176
0.63,0.0212686,1.2186,0.198654,0.0206946
0.64,0.0232461,1.3319,0.196834,0.0181094
0.65,0.0252051,1.44415,0.194962,0.0157547
0.66,0.0271451,1.5553,0.193043,0.0136232
0.67,0.0290658,1.66535,0.19108,0.0117077
0.68,0.0309666,1.77425,0.189074,0.0100013
0.69,0.0328471,1.882,0.18703,0.00849698
0.7,0.034707,1.98857,0.18495,0.00718816
0.71,0.036546,2.09393,0.182836,0.00606824
0.72,0.0383636,2.19807,0.18069,0.00513078
0.73,0.0401597,2.30098,0.178517,0.00436947
0.74,0.0419338,2.40263,0.176317,0.00377815
0.75,0.0436859,2.50302,0.174093,0.00335079
0.76,0.0454156,2.60212,0.171847,0.00308148
0.77,0.0471228,2.69994,0.169581,0.00296446
0.78,0.0488072,2.79645,0.167299,0.00299408
0.79,0.0504687,2.89164,0.165001,0.00316484
0.8,0.0521071,2.98552,0.162689,0.00347133
0.81,0.0537224,3.07807,0.160366,0.00390829
0.82,0.0553144,3.16928,0.158033,0.00447058
0.83,0.0568831,3.25916,0.155692,0.00515318
0.84,0.0584283,3.34769,0.153344,0.00595117
0.85,0.05995,3.43488,0.150992,0.00685977
0.86,0.0614481,3.52072,0.148637,0.0078743
0.87,0.0629227,3.60521,0.14628,0.0089902
0.88,0.0643737,3.68834,0.143924,0.010203
0.89,0.0658012,3.77013,0.141568,0.0115084
0.9,0.0672051,3.85057,0.139215,0.0129022
0.91,0.0685855,3.92966,0.136866,0.0143801
0.92,0.0699425,4.00741,0.134523,0.0159383
0.93,0.071276,4.08382,0.132185,0.0175728
0.94,0.0725862,4.15889,0.129856,0.0192797
0.95,0.0738732,4.23262,0.127534,0.0210554
0.96,0.075137,4.30503,0.125223,0.0228962
0.97,0.0763777,4.37612,0.122923,0.0247986
0.98,0.0775955,4.4459,0.120634,0.0267591
0.99,0.0787905,4.51436,0.118358,0.0287746
1,0.0799628,4.58153,0.116095,0.0308416
1.01,0.0811125,4.6474,0.113847,0.0329571
1.02,0.0822398,4.71199,0.111614,0.0351179
1.03,0.0833448,4.77531,0.109396,0.0373212
1.04,0.0844278,4.83736,0.107196,0.039564
1.05,0.0854888,4.89815,0.105013,0.0418434
1.06,0.0865282,4.9577,0.102848,0.0441569
1.07,0.0875459,5.01601,0.100702,0.0465016
1.08,0.0885423,5.0731,0.0985744,0.0488751
1.09,0.0895175,5.12897,0.0964671,0.0512749
1.1,0.0904717,5.18365,0.0943801,0.0536985
1.11,0.0914052,5.23713,0.0923139,0.0561437
1.12,0.0923181,5.28944,0.0902689,0.0586081
1.13,0.0932107,5.34058,0.0882457,0.0610895
1.14,0.0940832,5.39057,0.0862446,0.0635859
1.15,0.0949357,5.43942,0.084266,0.0660952
1.16,0.0957686,5.48714,0.0823102,0.0686153
1.17,0.096582,5.53374,0.0803776,0.0711444
1.18,0.0973763,5.57925,0.0784684,0.0736806
1.19,0.0981515,5.62367,0.076583,0.0762222
1.2,0.098908,5.66701,0.0747216,0.0787674
1.21,0.0996461,5.7093,0.0728843,0.0813144
1.22,0.100366,5.75054,0.0710715,0.0838619
1.23,0.101068,5.79075,0.0692832,0.086408
1.24,0.101752,5.82994,0.0675197,0.0889515
1.25,0.102418,5.86813,0.0657811,0.0914908
1.26,0.103067,5.90533,0.0640675,0.0940246
1.27,0.1037,5.94155,0.062379,0.0965516
1.28,0.104315,5.97681,0.0607157,0.0990704
1.29,0.104914,6.01113,0.0590777,0.10158
1.3,0.105497,6.04452,0.0574649,0.104079
1.31,0.106063,6.07699,0.0558775,0.106566
1.32,0.106614,6.10856,0.0543155,0.109041
1.33,0.10715,6.13924,0.0527788,0.111501
1.34,0.10767,6.16905,0.0512675,0.113948
1.35,0.108175,6.19799,0.0497814,0.116378
1.36,0.108666,6.2261,0.0483206,0.118792
1.37,0.109142,6.25337,0.046885,0.121188
1.38,0.109604,6.27983,0.0454746,0.123567
1.39,0.110052,6.30549,0.0440892,0.125926
1.4,0.110486,6.33036,0.0427287,0.128266
1.41,0.110906,6.35446,0.0413931,0.130585
1.42,0.111314,6.3778,0.0400823,0.132883
1.43,0.111708,6.4004,0.038796,0.13516
1.44,0.11209,6.42226,0.0375342,0.137414
1.45,0.112459,6.44342,0.0362968,0.139645
1.46,0.112816,6.46386,0.0350835,0.141853
1.47,0.113161,6.48363,0.0338942,0.144038
1.48,0.113494,6.50271,0.0327288,0.146198
1.49,0.113815,6.52114,0.031587,0.148333
1.5,0.114126,6.53891,0.0304686,0.150444
1.51,0.114425,6.55606,0.0293736,0.152529
1.52,0.114713,6.57258,0.0283016,0.154588
1.53,0.114991,6.58849,0.0272524,0.156622
1.54,0.115258,6.60381,0.0262259,0.158629
1.55,0.115516,6.61855,0.0252219,0.160609
1.56,0.115763,6.63272,0.02424,0.162563
1.57,0.116,6.64634,0.0232801,0.16449
1.58,0.116229,6.65941,0.0223419,0.16639
1.59,0.116447,6.67194,0.0214252,0.168262
1.6,0.116657,6.68396,0.0205298,0.170107
1.61,0.116858,6.69548,0.0196554,0.171925
1.62,0.11705,6.70649,0.0188017,0.173715
1.63,0.117234,6.71703,0.0179686,0.175477
1.64,0.11741,6.72709,0.0171556,0.177212
1.65,0.117577,6.73669,0.0163627,0.178919
1.66,0.117737,6.74584,0.0155895,0.180598
1.67,0.117889,6.75456,0.0148357,0.182249
1.68,0.118034,6.76285,0.0141012,0.183873
1.69,0.118171,6.77072,0.0133855,0.185469
1.7,0.118302,6.77819,0.0126885,0.187037
1.71,0.118425,6.78527,0.0120099,0.188578
1.72,0.118542,6.79196,0.0113494,0.190091
1.73,0.118652,6.79828,0.0107067,0.191577
1.74,0.118756,6.80423,0.0100816,0.193035
1.75,0.118854,6.80984,0.00947375,0.194467
1.76,0.118946,6.8151,0.00888294,0.195871
1.77,0.119032,6.82002,0.00830886,0.197249
1.78,0.119112,6.82462,0.00775125,0.1986
1.79,0.119187,6.82891,0.00720983,0.199924
1.8,0.119256,6.83289,0.00668432,0.201222
1.81,0.119321,6.83657,0.00617446,0.202494
1.82,0.11938,6.83997,0.00567996,0.20374
1.83,0.119434,6.84308,0.00520056,0.20496
1.84,0.119484,6.84593,0.00473599,0.206154
1.85,0.119529,6.84851,0.00428597,0.207324
1.86,0.11957,6.85085,0.00385023,0.208468
1.87,0.119606,6.85293,0.00342852,0.209587
1.88,0.119638,6.85478,0.00302055,0.210682
1.89,0.119667,6.8564,0.00262607,0.211752
1.9,0.119691,6.85779,0.00224482,0.212798
1.91,0.119712,6.85897,0.00187653,0.21382
1.92,0.119729,6.85994,0.00152094,0.214819
1.93,0.119742,6.86072,0.00117779,0.215794
1.94,0.119752,6.8613,0.000846832,0.216747
1.95,0.119759,6.86169,0.00052781,0.217676
1.96,0.119763,6.86191,0.00022047,0.218583
1.97,0.119764,6.86195,-7.54353e-05,0.219468
1.98,0.119761,6.86182,-0.000360154,0.220331
1.99,0.119756,6.86154,-0.00063393,0.221172
2,0.119749,6.8611,-0.000897006,0.221992
2.01,0.119739,6.86051,-0.00114962,0.222791
2.02,0.119726,6.85978,-0.00139201,0.223569
2.03,0.119711,6.85892,-0.00162442,0.224327
2.04,0.119693,6.85792,-0.00184707,0.225064
2.05,0.119674,6.85681,-0.00206019,0.225782
2.06,0.119652,6.85557,-0.00226401,0.22648
2.07,0.119629,6.85421,-0.00245875,0.227159
2.08,0.119603,6.85275,-0.00264464,0.227819
2.09,0.119576,6.85119,-0.00282189,0.22846
2.1,0.119547,6.84952,-0.00299071,0.229083
2.11,0.119516,6.84776,-0.00315133,0.229688
2.12,0.119484,6.84591,-0.00330395,0.230276
2.13,0.11945,6.84398,-0.00344877,0.230845
2.14,0.119415,6.84196,-0.00358601,0.231398
2.15,0.119378,6.83987,-0.00371585,0.231934
2.16,0.11934,6.8377,-0.0038385,0.232453
2.17,0.119301,6.83547,-0.00395416,0.232957
2.18,0.119261,6.83318,-0.00406301,0.233444
2.19,0.11922,6.83082,-0.00416525,0.233916
2.2,0.119178,6.8284,-0.00426105,0.234372
2.21,0.119135,6.82594,-0.00435061,0.234813
2.22,0.119091,6.82342,-0.0044341,0.23524
2.23,0.119046,6.82086,-0.0045117,0.235652
2.24,0.119001,6.81825,-0.00458358,0.23605
2.25,0.118955,6.81561,-0.00464991,0.236434
2.26,0.118908,6.81292,-0.00471087,0.236805
2.27,0.118861,6.81021,-0.00476661,0.237162
2.28,0.118813,6.80746,-0.0048173,0.237506
2.29,0.118764,6.80469,-0.0048631,0.237837
2.3,0.118715,6.80189,-0.00490416,0.238156
2.31,0.118666,6.79907,-0.00494063,0.238463
2.32,0.118617,6.79623,-0.00497268,0.238758
2.33,0.118567,6.79337,-0.00500043,0.239041
2.34,0.118517,6.7905,-0.00502404,0.239313
2.35,0.118466,6.78762,-0.00504365,0.239574
2.36,0.118416,6.78472,-0.0050594,0.239824
2.37,0.118365,6.78182,-0.00507142,0.240063
2.38,0.118314,6.77891,-0.00507984,0.240291
2.39,0.118264,6.776,-0.0050848,0.24051
2.4,0.118213,6.77309,-0.00508643,0.240719
2.41,0.118162,6.77017,-0.00508484,0.240918
2.42,0.118111,6.76726,-0.00508017,0.241108
2.43,0.11806,6.76435,-0.00507252,0.241288
2.44,0.11801,6.76145,-0.00506202,0.24146
2.45,0.117959,6.75855,-0.00504878,0.241623
2.46,0.117909,6.75567,-0.00503291,0.241778
2.47,0.117858,6.75279,-0.00501452,0.241924
2.48,0.117808,6.74992,-0.00499372,0.242062
2.49,0.117758,6.74706,-0.00497061,0.242193
2.5,0.117709,6.74422,-0.00494529,0.242315
2.51,0.11766,6.7414,-0.00491786,0.242431
2.52,0.117611,6.73859,-0.00488842,0.242539
2.53,0.117562,6.7358,-0.00485706,0.24264
2.54,0.117513,6.73302,-0.00482387,0.242735
2.55,0.117465,6.73027,-0.00478895,0.242823
2.56,0.117418,6.72754,-0.00475237,0.242904
2.57,0.11737,6.72482,-0.00471423,0.24298
2.58,0.117323,6.72213,-0.00467461,0.243049
2.59,0.117277,6.71947,-0.00463358,0.243113
2.6,0.117231,6.71683,-0.00459123,0.243171
2.61,0.117185,6.71421,-0.00454764,0.243223
2.62,0.11714,6.71161,-0.00450286,0.24327
2.63,0.117095,6.70905,-0.00445699,0.243312
2.64,0.117051,6.70651,-0.00441008,0.243349
2.65,0.117007,6.70399,-0.00436221,0.243382
2.66,0.116963,6.70151,-0.00431344,0.243409
2.67,0.116921,6.69905,-0.00426384,0.243432
2.68,0.116878,6.69662,-0.00421347,0.243451
2.69,0.116836,6.69422,-0.00416238,0.243466
2.7,0.116795,6.69185,-0.00411064,0.243477
2.71,0.116754,6.68951,-0.00405831,0.243483
2.72,0.116714,6.6872,-0.00400543,0.243486
2.73,0.116674,6.68492,-0.00395206,0.243486
2.74,0.116635,6.68267,-0.00389826,0.243482
2.75,0.116596,6.68046,-0.00384407,0.243475
2.76,0.116558,6.67827,-0.00378954,0.243464
2.77,0.11652,6.67611,-0.00373472,0.24345
2.78,0.116483,6.67399,-0.00367965,0.243434
2.79,0.116447,6.6719,-0.00362438,0.243415
2.8,0.116411,6.66984,-0.00356894,0.243392
2.81,0.116375,6.66781,-0.00351339,0.243368
2.82,0.11634,6.66581,-0.00345775,0.243341
2.83,0.116306,6.66385,-0.00340206,0.243311
2.84,0.116272,6.66191,-0.00334637,0.243279
2.85,0.116239,6.66001,-0.0032907,0.243245
2.86,0.116206,6.65814,-0.0032351,0.243209
2.87,0.116174,6.6563,-0.00317958,0.243172
2.88,0.116143,6.6545,-0.00312419,0.243132
2.89,0.116112,6.65272,-0.00306895,0.24309
2.9,0.116082,6.65098,-0.00301389,0.243047
2.91,0.116052,6.64927,-0.00295903,0.243002
2.92,0.116022,6.64759,-0.00290442,0.242956
2.93,0.115994,6.64594,-0.00285006,0.242908
2.94,0.115965,6.64432,-0.00279598,0.242859
2.95,0.115938,6.64274,-0.00274221,0.242809
2.96,0.11591,6.64118,-0.00268877,0.242758
2.97,0.115884,6.63966,-0.00263568,0.242705
2.98,0.115858,6.63816,-0.00258295,0.242652
2.99,0.115832,6.6367,-0.00253061,0.242597
3,0.115807,6.63526,-0.00247868,0.242542
3.01,0.115783,6.63386,-0.00242717,0.242486
3.02,0.115759,6.63248,-0.00237609,0.242429
3.03,0.115735,6.63113,-0.00232547,0.242371
3.04,0.115712,6.62981,-0.00227532,0.242313
3.05,0.11569,6.62853,-0.00222564,0.242254
3.06,0.115668,6.62726,-0.00217646,0.242195
3.07,0.115646,6.62603,-0.00212779,0.242135
3.08,0.115625,6.62483,-0.00207963,0.242075
3.09,0.115604,6.62365,-0.002032,0.242014
3.1,0.115584,6.6225,-0.0019849,0.241954
3.11,0.115565,6.62137,-0.00193835,0.241893
3.12,0.115546,6.62028,-0.00189235,0.241832
3.13,0.115527,6.6192,-0.00184692,0.24177
3.14,0.115509,6.61816,-0.00180205,0.241709
3.15,0.115491,6.61714,-0.00175775,0.241647
3.16,0.115474,6.61614,-0.00171404,0.241586
3.17,0.115457,6.61517,-0.00167091,0.241524
3.18,0.11544,6.61423,-0.00162838,0.241463
3.19,0.115424,6.61331,-0.00158643,0.241401
3.2,0.115408,6.61241,-0.00154509,0.24134
3.21,0.115393,6.61154,-0.00150434,0.241279
3.22,0.115378,6.61069,-0.0014642,0.241218
3.23,0.115364,6.60986,-0.00142467,0.241158
3.24,0.11535,6.60905,-0.00138574,0.241097
3.25,0.115336,6.60827,-0.00134742,0.241037
3.26,0.115323,6.60751,-0.00130971,0.240977
3.27,0.11531,6.60677,-0.0012726,0.240918
3.28,0.115297,6.60605,-0.00123611,0.240858
3.29,0.115285,6.60535,-0.00120023,0.2408
3.3,0.115273,6.60468,-0.00116496,0.240741
3.31,0.115262,6.60402,-0.00113029,0.240683
3.32,0.115251,6.60338,-0.00109623,0.240626
3.33,0.11524,6.60276,-0.00106278,0.240569
3.34,0.115229,6.60216,-0.00102992,0.240512
3.35,0.115219,6.60158,-0.000997668,0.240456
3.36,0.11521,6.60102,-0.000966012,0.2404
3.37,0.1152,6.60048,-0.00093495,0.240345
3.38,0.115191,6.59995,-0.000904479,0.240291
3.39,0.115182,6.59944,-0.000874596,0.240237
3.4,0.115173,6.59895,-0.000845297,0.240183
3.41,0.115165,6.59847,-0.000816578,0.240131
3.42,0.115157,6.59801,-0.000788435,0.240078
3.43,0.115149,6.59757,-0.000760864,0.240027
3.44,0.115142,6.59714,-0.000733861,0.239976
3.45,0.115135,6.59673,-0.000707421,0.239925
3.46,0.115128,6.59633,-0.000681538,0.239875
3.47,0.115121,6.59594,-0.000656208,0.239826
3.48,0.115114,6.59557,-0.000631426,0.239778
3.49,0.115108,6.59522,-0.000607187,0.23973
3.5,0.115102,6.59488,-0.000583484,0.239683
3.51,0.115097,6.59455,-0.000560314,0.239636
3.52,0.115091,6.59424,-0.000537668,0.23959
3.53,0.115086,6.59394,-0.000515543,0.239545
3.54,0.115081,6.59365,-0.000493932,0.2395
3.55,0.115076,6.59337,-0.00047283,0.239456
3.56,0.115071,6.5931,-0.000452229,0.239413
3.57,0.115067,6.59285,-0.000432124,0.239371
3.58,0.115063,6.59261,-0.000412509,0.239329
3.59,0.115059,6.59238,-0.000393377,0.239287
3.6,0.115055,6.59216,-0.000374722,0.239247
3.61,0.115051,6.59195,-0.000356538,0.239207
3.62,0.115048,6.59175,-0.000338818,0.239168
3.63,0.115044,6.59156,-0.000321555,0.239129
3.64,0.115041,6.59138,-0.000304744,0.239091
3.65,0.115038,6.59121,-0.000288377,0.239054
3.66,0.115036,6.59105,-0.000272448,0.239018
3.67,0.115033,6.5909,-0.00025695,0.238982
3.68,0.11503,6.59076,-0.000241876,0.238946
3.69,0.115028,6.59062,-0.000227221,0.238912
3.7,0.115026,6.59049,-0.000212976,0.238878
3.71,0.115024,6.59038,-0.000199137,0.238845
3.72,0.115022,6.59027,-0.000185695,0.238812
3.73,0.11502,6.59016,-0.000172644,0.23878
3.74,0.115018,6.59007,-0.000159978,0.238749
3.75,0.115017,6.58998,-0.00014769,0.238718
3.76,0.115015,6.5899,-0.000135773,0.238688
3.77,0.115014,6.58982,-0.000124221,0.238659
3.78,0.115013,6.58976,-0.000113027,0.23863
3.79,0.115012,6.5897,-0.000102184,0.238602
3.8,0.115011,6.58964,-9.16866e-05,0.238574
3.81,0.11501,6.58959,-8.15275e-05,0.238547
3.82,0.115009,6.58955,-7.17006e-05,0.238521
3.83,0.115009,6.58951,-6.21992e-05,0.238495
3.84,0.115008,6.58947,-5.30171e-05,0.23847
3.85,0.115008,6.58945,-4.41478e-05,0.238445
3.86,0.115007,6.58942,-3.55852e-05,0.238421
3.87,0.115007,6.58941,-2.7323e-05,0.238397
3.88,0.115007,6.58939,-1.93548e-05,0.238374
3.89,0.115006,6.58938,-1.16748e-05,0.238352
3.9,0.115006,6.58938,-4.27659e-06,0.23833
3.91,0.115006,6.58938,2.8457e-06,0.238309
3.92,0.115006,6.58938,9.69809e-06,0.238288
3.93,0.115007,6.58939,1.62865e-05,0.238268
3.94,0.115007,6.5894,2.26168e-05,0.238248
3.95,0.115007,6.58942,2.86948e-05,0.238229
3.96,0.115007,6.58943,3.45262e-05,0.23821
3.97,0.115008,6.58946,4.01168e-05,0.238192
3.98,0.115008,6.58948,4.5472e-05,0.238174
3.99,0.115009,6.58951,5.05976e-05,0.238156
4,0.115009,6.58954,5.54988e-05,0.23814
4.01,0.11501,6.58957,6.01812e-05,0.238123
4.02,0.11501,6.58961,6.46502e-05,0.238107
4.03,0.115011,6.58964,6.89109e-05,0.238092
4.04,0.115012,6.58969,7.29685e-05,0.238077
4.05,0.115012,6.58973,7.68283e-05,0.238062
4.06,0.115013,6.58977,8.04953e-05,0.238048
4.07,0.115014,6.58982,8.39744e-05,0.238034
4.08,0.115015,6.58987,8.72706e-05,0.238021
4.09,0.115016,6.58992,9.03888e-05,0.238008
4.1,0.115017,6.58997,9.33336e-05,0.237996
4.11,0.115018,6.59003,9.61099e-05,0.237983
4.12,0.115019,6.59008,9.87222e-05,0.237972
4.13,0.11502,6.59014,0.000101175,0.23796
4.14,0.115021,6.5902,0.000103473,0.237949
4.15,0.115022,6.59026,0.000105621,0.237939
4.16,0.115023,6.59032,0.000107622,0.237928
4.17,0.115024,6.59038,0.000109481,0.237919
4.18,0.115025,6.59045,0.000111203,0.237909
4.19,0.115026,6.59051,0.000112791,0.2379
4.2,0.115027,6.59057,0.00011425,0.237891
4.21,0.115028,6.59064,0.000115583,0.237882
4.22,0.11503,6.59071,0.000116794,0.237874
4.23,0.115031,6.59077,0.000117888,0.237866
4.24,0.115032,6.59084,0.000118867,0.237858
4.25,0.115033,6.59091,0.000119736,0.237851
4.26,0.115034,6.59098,0.000120499,0.237844
4.27,0.115036,6.59105,0.000121158,0.237837
4.28,0.115037,6.59112,0.000121717,0.23783
4.29,0.115038,6.59119,0.00012218,0.237824
4.3,0.115039,6.59126,0.00012255,0.237818
4.31,0.11504,6.59133,0.00012283,0.237812
4.32,0.115042,6.5914,0.000123024,0.237807
4.33,0.115043,6.59147,0.000123135,0.237801
4.34,0.115044,6.59154,0.000123165,0.237796
4.35,0.115045,6.59161,0.000123117,0.237792
4.36,0.115047,6.59168,0.000122996,0.237787
4.37,0.115048,6.59175,0.000122803,0.237783
4.38,0.115049,6.59182,0.000122541,0.237779
4.39,0.11505,6.59189,0.000122213,0.237775
4.4,0.115051,6.59196,0.000121823,0.237771
4.41,0.115053,6.59203,0.000121371,0.237767
4.42,0.115054,6.5921,0.000120861,0.237764
4.43,0.115055,6.59217,0.000120296,0.237761
4.44,0.115056,6.59224,0.000119678,0.237758
4.45,0.115057,6.59231,0.000119009,0.237755
4.46,0.115059,6.59238,0.000118292,0.237753
4.47,0.11506,6.59244,0.000117528,0.23775
4.48,0.115061,6.59251,0.000116721,0.237748
4.49,0.115062,6.59258,0.000115871,0.237746
4.5,0.115063,6.59264,0.000114982,0.237744
4.51,0.115064,6.59271,0.000114056,0.237742
4.52,0.115066,6.59277,0.000113094,0.23774
4.53,0.115067,6.59284,0.000112098,0.237739
4.54,0.115068,6.5929,0.00011107,0.237737
4.55,0.115069,6.59297,0.000110012,0.237736
4.56,0.11507,6.59303,0.000108926,0.237735
4.57,0.115071,6.59309,0.000107814,0.237734
4.58,0.115072,6.59315,0.000106676,0.237733
4.59,0.115073,6.59321,0.000105516,0.237732
4.6,0.115074,6.59327,0.000104334,0.237732
4.61,0.115075,6.59333,0.000103132,0.237731
4.62,0.115076,6.59339,0.000101911,0.237731
4.63,0.115077,6.59345,0.000100674,0.23773
4.64,0.115078,6.59351,9.94204e-05,0.23773
4.65,0.115079,6.59356,9.81528e-05,0.23773
4.66,0.11508,6.59362,9.68722e-05,0.23773
4.67,0.115081,6.59367,9.55799e-05,0.23773
4.68,0.115082,6.59373,9.42772e-05,0.23773
4.69,0.115083,6.59378,9.29652e-05,0.23773
4.7,0.115084,6.59383,9.16451e-05,0.23773
4.71,0.115085,6.59389,9.03181e-05,0.237731
4.72,0.115086,6.59394,8.89851e-05,0.237731
4.73,0.115087,6.59399,8.76473e-05,0.237732
4.74,0.115088,6.59404,8.63057e-05,0.237732
4.75,0.115089,6.59409,8.49611e-05,0.237733
4.76,0.115089,6.59414,8.36147e-05,0.237733
4.77,0.11509,6.59418,8.22672e-05,0.237734
4.78,0.115091,6.59423,8.09196e-05,0.237735
4.79,0.115092,6.59428,7.95727e-05,0.237736
4.8,0.115093,6.59432,7.82273e-05,0.237737
4.81,0.115093,6.59437,7.68842e-05,0.237737
4.82,0.115094,6.59441,7.5544e-05,0.237738
4.83,0.115095,6.59445,7.42076e-05,0.237739
4.84,0.115096,6.59449,7.28757e-05,0.237741
4.85,0.115096,6.59454,7.15488e-05,0.237742
4.86,0.115097,6.59458,7.02276e-05,0.237743
4.87,0.115098,6.59462,6.89127e-05,0.237744
4.88,0.115098,6.59466,6.76047e-05,0.237745
4.89,0.115099,6.59469,6.63041e-05,0.237746
4.9,0.1151,6.59473,6.50115e-05,0.237748
4.91,0.1151,6.59477,6.37274e-05,0.237749
4.92,0.115101,6.5948,6.24522e-05,0.23775
4.93,0.115102,6.59484,6.11863e-05,0.237751
4.94,0.115102,6.59487,5.99303e-05,0.237753
4.95,0.115103,6.59491,5.86845e-05,0.237754
4.96,0.115103,6.59494,5.74493e-05,0.237755
4.97,0.115104,6.59497,5.62251e-05,0.237757
4.98,0.115105,6.59501,5.50122e-05,0.237758
4.99,0.115105,6.59504,5.3811e-05,0.23776
5,0.115106,6.59507,5.26217e-05,0.237761
5.01,0.115106,6.5951,5.14446e-05,0.237763
5.02,0.115107,6.59513,5.028e-05,0.237764
5.03,0.115107,6.59516,4.91282e-05,0.237765
5.04,0.115108,6.59518,4.79893e-05,0.237767
5.05,0.115108,6.59521,4.68637e-05,0.237768
5.06,0.115109,6.59524,4.57514e-05,0.23777
5.07,0.115109,6.59526,4.46528e-05,0.237771
5.08,0.115109,6.59529,4.35678e-05,0.237773
5.09,0.11511,6.59531,4.24968e-05,0.237774
5.1,0.11511,6.59534,4.14398e-05,0.237776
5.11,0.115111,6.59536,4.0397e-05,0.237777
5.12,0.115111,6.59538,3.93684e-05,0.237779
5.13,0.115112,6.59541,3.83543e-05,0.23778
5.14,0.115112,6.59543,3.73546e-05,0.237782
5.15,0.115112,6.59545,3.63694e-05,0.237783
5.16,0.115113,6.59547,3.53988e-05,0.237785
5.17,0.115113,6.59549,3.44429e-05,0.237786
5.18,0.115113,6.59551,3.35016e-05,0.237788
5.19,0.115114,6.59553,3.25751e-05,0.237789
5.2,0.115114,6.59555,3.16633e-05,0.237791
5.21,0.115114,6.59556,3.07663e-05,0.237792
5.22,0.115115,6.59558,2.9884e-05,0.237793
5.23,0.115115,6.5956,2.90164e-05,0.237795
5.24,0.115115,6.59561,2.81636e-05,0.237796
5.25,0.115115,6.59563,2.73254e-05,0.237798
5.26,0.115116,6.59565,2.65019e-05,0.237799
5.27,0.115116,6.59566,2.5693e-05,0.2378
5.28,0.115116,6.59567,2.48987e-05,0.237802
5.29,0.115116,6.59569,2.41189e-05,0.237803
5.3,0.115117,6.5957,2.33535e-05,0.237805
5.31,0.115117,6.59572,2.26025e-05,0.237806
5.32,0.115117,6.59573,2.18658e-05,0.237807
5.33,0.115117,6.59574,2.11433e-05,0.237808
5.34,0.115118,6.59575,2.04349e-05,0.23781
5.35,0.115118,6.59576,1.97405e-05,0.237811
5.36,0.115118,6.59577,1.90601e-05,0.237812
5.37,0.115118,6.59579,1.83936e-05,0.237814
5.38,0.115118,6.5958,1.77407e-05,0.237815
5.39,0.115119,6.59581,1.71014e-05,0.237816
5.4,0.115119,6.59582,1.64757e-05,0.237817
5.41,0.115119,6.59582,1.58633e-05,0.237818
5.42,0.115119,6.59583,1.52641e-05,0.23782
5.43,0.115119,6.59584,1.46781e-05,0.237821
5.44,0.115119,6.59585,1.4105e-05,0.237822
5.45,0.115119,6.59586,1.35448e-05,0.237823
5.46,0.11512,6.59587,1.29974e-05,0.237824
5.47,0.11512,6.59587,1.24624e-05,0.237825
5.48,0.11512,6.59588,1.194e-05,0.237826
5.49,0.11512,6.59589,1.14298e-05,0.237827
5.5,0.11512,6.59589,1.09317e-05,0.237828
5.51,0.11512,6.5959,1.04456e-05,0.237829
5.52,0.11512,6.59591,9.97142e-06,0.23783
5.53,0.11512,6.59591,9.50888e-06,0.237831
5.54,0.11512,6.59592,9.05788e-06,0.237832
5.55,0.115121,6.59592,8.61825e-06,0.237833
5.56,0.115121,6.59593,8.18984e-06,0.237834
5.57,0.115121,6.59593,7.77249e-06,0.237835
5.58,0.115121,6.59594,7.36605e-06,0.237836
5.59,0.115121,6.59594,6.97036e-06,0.237837
5.6,0.115121,6.59594,6.58525e-06,0.237838
5.61,0.115121,6.59595,6.21057e-06,0.237839
5.62,0.115121,6.59595,5.84616e-06,0.23784
5.63,0.115121,6.59595,5.49184e-06,0.237841
5.64,0.115121,6.59596,5.14748e-06,0.237841
5.65,0.115121,6.59596,4.81289e-06,0.237842
5.66,0.115121,6.59596,4.48792e-06,0.237843
5.67,0.115121,6.59596,4.17241e-06,0.237844
5.68,0.115121,6.59597,3.8662e-06,0.237844
5.69,0.115121,6.59597,3.56912e-06,0.237845
5.7,0.115121,6.59597,3.28103e-06,0.237846
5.71,0.115121,6.59597,3.00174e-06,0.237847
5.72,0.115121,6.59597,2.73112e-06,0.237847
5.73,0.115121,6.59598,2.469e-06,0.237848
5.74,0.115122,6.59598,2.21522e-06,0.237849
5.75,0.115122,6.59598,1.96962e-06,0.237849
5.76,0.115122,6.59598,1.73205e-06,0.23785
5.77,0.115122,6.59598,1.50235e-06,0.237851
5.78,0.115122,6.59598,1.28038e-06,0.237851
5.79,0.115122,6.59598,1.06596e-06,0.237852
5.8,0.115122,6.59598,8.58962e-07,0.237852
5.81,0.115122,6.59598,6.59224e-07,0.237853
5.82,0.115122,6.59598,4.66598e-07,0.237854
5.83,0.115122,6.59598,2.80935e-07,0.237854
5.84,0.115122,6.59598,1.02088e-07,0.237855
5.85,0.115122,6.59598,-7.00883e-08,0.237855
5.86,0.115122,6.59598,-2.3574e-07,0.237856
5.87,0.115122,6.59598,-3.95009e-07,0.237856
5.88,0.115122,6.59598,-5.48037e-07,0.237857
5.89,0.115122,6.59598,-6.94966e-07,0.237857
5.9,0.115122,6.59598,-8.35933e-07,0.237857
5.91,0.115122,6.59598,-9.71076e-07,0.237858
5.92,0.115122,6.59598,-1.10053e-06,0.237858
5.93,0.115122,6.59598,-1.22443e-06,0.237859
5.94,0.115122,6.59598,-1.34291e-06,0.237859
5.95,0.115122,6.59598,-1.4561e-06,0.23786
5.96,0.115122,6.59598,-1.56412e-06,0.23786
5.97,0.115122,6.59598,-1.66711e-06,0.23786
5.98,0.115121,6.59598,-1.7652e-06,0.237861
5.99,0.115121,6.59598,-1.8585e-06,0.237861
6,0.115121,6.59597,-1.94713e-06,0.237861
6.01,0.115121,6.59597,-2.03123e-06,0.237862
6.02,0.115121,6.59597,-2.1109e-06,0.237862
6.03,0.115121,6.59597,-2.18627e-06,0.237862
6.04,0.115121,6.59597,-2.25745e-06,0.237863
6.05,0.115121,6.59597,-2.32455e-06,0.237863
6.06,0.115121,6.59597,-2.38769e-06,0.237863
6.07,0.115121,6.59597,-2.44698e-06,0.237864
6.08,0.115121,6.59596,-2.50252e-06,0.237864
6.09,0.115121,6.59596,-2.55442e-06,0.237864
6.1,0.115121,6.59596,-2.60279e-06,0.237864
6.11,0.115121,6.59596,-2.64772e-06,0.237865
6.12,0.115121,6.59596,-2.68933e-06,0.237865
6.13,0.115121,6.59596,-2.72771e-06,0.237865
6.14,0.115121,6.59595,-2.76295e-06,0.237865
6.15,0.115121,6.59595,-2.79517e-06,0.237865
6.16,0.115121,6.59595,-2.82443e-06,0.237866
6.17,0.115121,6.59595,-2.85086e-06,0.237866
6.18,0.115121,6.59595,-2.87452e-06,0.237866
6.19,0.115121,6.59595,-2.89551e-06,0.237866
6.2,0.115121,6.59594,-2.91393e-06,0.237866
6.21,0.115121,6.59594,-2.92984e-06,0.237867
6.22,0.115121,6.59594,-2.94335e-06,0.237867
6.23,0.115121,6.59594,-2.95453e-06,0.237867
6.24,0.115121,6.59594,-2.96346e-06,0.237867
6.25,0.115121,6.59594,-2.97022e-06,0.237867
6.26,0.115121,6.59593,-2.97489e-06,0.237867
6.27,0.115121,6.59593,-2.97754e-06,0.237867
6.28,0.115121,6.59593,-2.97825e-06,0.237867
6.29,0.115121,6.59593,-2.9771e-06,0.237868
6.3,0.115121,6.59593,-2.97414e-06,0.237868
6.31,0.115121,6.59593,-2.96946e-06,0.237868
6.32,0.115121,6.59592,-2.96312e-06,0.237868
6.33,0.115121,6.59592,-2.95518e-06,0.237868
6.34,0.115121,6.59592,-2.94572e-06,0.237868
6.35,0.115121,6.59592,-2.93479e-06,0.237868
6.36,0.11512,6.59592,-2.92245e-06,0.237868
6.37,0.11512,6.59592,-2.90878e-06,0.237868
6.38,0.11512,6.59591,-2.89381e-06,0.237868
6.39,0.11512,6.59591,-2.87763e-06,0.237868
6.4,0.11512,6.59591,-2.86027e-06,0.237869
6.41,0.11512,6.59591,-2.8418e-06,0.237869
6.42,0.11512,6.59591,-2.82226e-06,0.237869
6.43,0.11512,6.59591,-2.80172e-06,0.237869
6.44,0.11512,6.5959,-2.78021e-06,0.237869
6.45,0.11512,6.5959,-2.7578e-06,0.237869
6.46,0.11512,6.5959,-2.73452e-06,0.237869
6.47,0.11512,6.5959,-2.71043e-06,0.237869
6.48,0.11512,6.5959,-2.68557e-06,0.237869
6.49,0.11512,6.5959,-2.65999e-06,0.237869
6.5,0.11512,6.5959,-2.63372e-06,0.237869
6.51,0.11512,6.59589,-2.60681e-06,0.237869
6.52,0.11512,6.59589,-2.57931e-06,0.237869
6.53,0.11512,6.59589,-2.55124e-06,0.237869
6.54,0.11512,6.59589,-2.52265e-06,0.237869
6.55,0.11512,6.59589,-2.49358e-06,0.237869
6.56,0.11512,6.59589,-2.46406e-06,0.237869
6.57,0.11512,6.59589,-2.43413e-06,0.237869
6.58,0.11512,6.59588,-2.40382e-06,0.237869
6.59,0.11512,6.59588,-2.37317e-06,0.237869
6.6,0.11512,6.59588,-2.3422e-06,0.237869
6.61,0.11512,6.59588,-2.31095e-06,0.237869
6.62,0.11512,6.59588,-2.27944e-06,0.237869
6.63,0.11512,6.59588,-2.24772e-06,0.237869
6.64,0.11512,6.59588,-2.21579e-06,0.237869
6.65,0.11512,6.59587,-2.1837e-06,0.237869
6.66,0.11512,6.59587,-2.15147e-06,0.237869
6.67,0.11512,6.59587,-2.11912e-06,0.237869
6.68,0.11512,6.59587,-2.08667e-06,0.237869
6.69,0.11512,6.59587,-2.05416e-06,0.237869
6.7,0.11512,6.59587,-2.0216e-06,0.237869
6.71,0.11512,6.59587,-1.98902e-06,0.237869
6.72,0.11512,6.59587,-1.95643e-06,0.237869
6.73,0.11512,6.59587,-1.92386e-06,0.237869
6.74,0.11512,6.59586,-1.89133e-06,0.237869
6.75,0.11512,6.59586,-1.85885e-06,0.237869
6.76,0.11512,6.59586,-1.82644e-06,0.237869
6.77,0.115119,6.59586,-1.79413e-06,0.237869
6.78,0.115119,6.59586,-1.76192e-06,0.237869
6.79,0.115119,6.59586,-1.72983e-06,0.237869
6.8,0.115119,6.59586,-1.69789e-06,0.237869
6.81,0.115119,6.59586,-1.66609e-06,0.237869
6.82,0.115119,6.59586,-1.63446e-06,0.237869
6.83,0.115119,6.59585,-1.60302e-06,0.237869
6.84,0.115119,6.59585,-1.57176e-06,0.237869
6.85,0.115119,6.59585,-1.54071e-06,0.237869
6.86,0.115119,6.59585,-1.50988e-06,0.237869
6.87,0.115119,6.59585,-1.47927e-06,0.237869
6.88,0.115119,6.59585,-1.4489e-06,0.237869
6.89,0.115119,6.59585,-1.41878e-06,0.237869
6.9,0.115119,6.59585,-1.38891e-06,0.237868
6.91,0.115119,6.59585,-1.35931e-06,0.237868
6.92,0.115119,6.59585,-1.32998e-06,0.237868
6.93,0.115119,6.59585,-1.30094e-06,0.237868
6.94,0.115119,6.59585,-1.27218e-06,0.237868
6.95,0.115119,6.59585,-1.24372e-06,0.237868
6.96,0.115119,6.59584,-1.21556e-06,0.237868
6.97,0.115119,6.59584,-1.18771e-06,0.237868
6.98,0.115119,6.59584,-1.16018e-06,0.237868
6.99,0.115119,6.59584,-1.13296e-06,0.237868
7,0.115119,6.59584,-1.10607e-06,0.237868
7.01,0.115119,6.59584,-1.0795e-06,0.237868
7.02,0.115119,6.59584,-1.05327e-06,0.237868
7.03,0.115119,6.59584,-1.02737e-06,0.237868
7.04,0.115119,6.59584,-1.00182e-06,0.237868
7.05,0.115119,6.59584,-9.76603e-07,0.237868
7.06,0.115119,6.59584,-9.51735e-07,0.237868
7.07,0.115119,6.59584,-9.27214e-07,0.237868
7.08,0.115119,6.59584,-9.03043e-07,0.237868
7.09,0.115119,6.59584,-8.79224e-07,0.237868
7.1,0.115119,6.59584,-8.55757e-07,0.237868
7.11,0.115119,6.59584,-8.32645e-07,0.237868
7.12,0.115119,6.59584,-8.09888e-07,0.237868
7.13,0.115119,6.59583,-7.87486e-07,0.237868
7.14,0.115119,6.59583,-7.65441e-07,0.237868
7.15,0.115119,6.59583,-7.43753e-07,0.237868
7.16,0.115119,6.59583,-7.22421e-07,0.237868
7.17,0.115119,6.59583,-7.01446e-07,0.237868
7.18,0.115119,6.59583,-6.80826e-07,0.237867
7.19,0.115119,6.59583,-6.60562e-07,0.237867
7.2,0.115119,6.59583,-6.40652e-07,0.237867
7.21,0.115119,6.59583,-6.21095e-07,0.237867
7.22,0.115119,6.59583,-6.0189e-07,0.237867
7.23,0.115119,6.59583,-5.83037e-07,0.237867
7.24,0.115119,6.59583,-5.64532e-07,0.237867
7.25,0.115119,6.59583,-5.46375e-07,0.237867
7.26,0.115119,6.59583,-5.28564e-07,0.237867
7.27,0.115119,6.59583,-5.11096e-07,0.237867
7.28,0.115119,6.59583,-4.9397e-07,0.237867
7.29,0.115119,6.59583,-4.77183e-07,0.237867
7.3,0.115119,6.59583,-4.60733e-07,0.237867
7.31,0.115119,6.59583,-4.44618e-07,0.237867
7.32,0.115119,6.59583,-4.28834e-07,0.237867
7.33,0.115119,6.59583,-4.13379e-07,0.237867
7.34,0.115119,6.59583,-3.9825e-07,0.237867
7.35,0.115119,6.59583,-3.83445e-07,0.237867
7.36,0.115119,6.59583,-3.6896e-07,0.237867
7.37,0.115119,6.59583,-3.54792e-07,0.237867
7.38,0.115119,6.59583,-3.40938e-07,0.237867
7.39,0.115119,6.59583,-3.27394e-07,0.237867
7.4,0.115119,6.59583,-3.14159e-07,0.237867
7.41,0.115119,6.59583,-3.01227e-07,0.237867
7.42,0.115119,6.59583,-2.88595e-07,0.237867
7.43,0.115119,6.59583,-2.76261e-07,0.237867
7.44,0.115119,6.59583,-2.6422e-07,0.237867
7.45,0.115119,6.59583,-2.52469e-07,0.237867
7.46,0.115119,6.59583,-2.41005e-07,0.237867
7.47,0.115119,6.59583,-2.29823e-07,0.237867
7.48,0.115119,6.59583,-2.1892e-07,0.237867
7.49,0.115119,6.59583,-2.08292e-07,0.237867
7.5,0.115119,6.59583,-1.97935e-07,0.237867
7.51,0.115119,6.59583,-1.87845e-07,0.237867
7.52,0.115119,6.59582,-1.7802e-07,0.237867
7.53,0.115119,6.59582,-1.68454e-07,0.237866
7.54,0.115119,6.59582,-1.59144e-07,0.237866
7.55,0.115119,6.59582,-1.50086e-07,0.237866
7.56,0.115119,6.59582,-1.41277e-07,0.237866
7.57,0.115119,6.59582,-1.32711e-07,0.237866
7.58,0.115119,6.59582,-1.24387e-07,0.237866
7.59,0.115119,6.59582,-1.16298e-07,0.237866
7.6,0.115119,6.59582,-1.08442e-07,0.237866
7.61,0.115119,6.59582,-1.00815e-07,0.237866
7.62,0.115119,6.59582,-9.34128e-08,0.237866
7.63,0.115119,6.59582,-8.62313e-08,0.237866
7.64,0.115119,6.59582,-7.92669e-08,0.237866
7.65,0.115119,6.59582,-7.25157e-08,0.237866
7.66,0.115119,6.59582,-6.59738e-08,0.237866
7.67,0.115119,6.59582,-5.96373e-08,0.237866
7.68,0.115119,6.59582,-5.35026e-08,0.237866
7.69,0.115119,6.59582,-4.75657e-08,0.237866
7.7,0.115119,6.59582,-4.18229e-08,0.237866
7.71,0.115119,6.59582,-3.62705e-08,0.237866
7.72,0.115119,6.59582,-3.09046e-08,0.237866
7.73,0.115119,6.59582,-2.57217e-08,0.237866
7.74,0.115119,6.59582,-2.07179e-08,0.237866
7.75,0.115119,6.59582,-1.58898e-08,0.237866
7.76,0.115119,6.59582,-1.12336e-08,0.237866
7.77,0.115119,6.59582,-6.74571e-09,0.237866
7.78,0.115119,6.59582,-2.42263e-09,0.237866
7.79,0.115119,6.59582,1.7392e-09,0.237866
7.8,0.115119,6.59582,5.74326e-09,0.237866
7.81,0.115119,6.59582,9.59303e-09,0.237866
7.82,0.115119,6.59582,1.32919e-08,0.237866
7.83,0.115119,6.59582,1.68434e-08,0.237866
7.84,0.115119,6.59582,2.02507e-08,0.237866
7.85,0.115119,6.59582,2.35172e-08,0.237866
7.86,0.115119,6.59582,2.66461e-08,0.237866
7.87,0.115119,6.59582,2.96408e-08,0.237866
7.88,0.115119,6.59582,3.25045e-08,0.237866
7.89,0.115119,6.59582,3.52402e-08,0.237866
7.9,0.115119,6.59582,3.78511e-08,0.237866
7.91,0.115119,6.59582,4.03403e-08,0.237866
7.92,0.115119,6.59582,4.27109e-08,0.237866
7.93,0.115119,6.59582,4.49658e-08,0.237866
7.94,0.115119,6.59582,4.7108e-08,0.237866
7.95,0.115119,6.59582,4.91404e-08,0.237866
7.96,0.115119,6.59582,5.10659e-08,0.237866
7.97,0.115119,6.59582,5.28873e-08,0.237866
7.98,0.115119,6.59582,5.46075e-08,0.237866
7.99,0.115119,6.59582,5.62291e-08,0.237866
8,0.115119,6.59582,5.77549e-08,0.237866
8.01,0.115119,6.59582,5.91876e-08,0.237866
8.02,0.115119,6.59582,6.05297e-08,0.237866
8.03,0.115119,6.59582,6.17838e-08,0.237866
8.04,0.115119,6.59582,6.29525e-08,0.237866
8.05,0.115119,6.59582,6.40383e-08,0.237866
8.06,0.115119,6.59582,6.50436e-08,0.237866
8.07,0.115119,6.59582,6.59708e-08,0.237866
8.08,0.115119,6.59582,6.68223e-08,0.237866
8.09,0.115119,6.59582,6.76004e-08,0.237866
8.1,0.115119,6.59582,6.83075e-08,0.237866
8.11,0.115119,6.59582,6.89456e-08,0.237866
8.12,0.115119,6.59582,6.95171e-08,0.237866
8.13,0.115119,6.59582,7.00241e-08,0.237866
8.14,0.115119,6.59582,7.04687e-08,0.237866
8.15,0.115119,6.59582,7.0853e-08,0.237866
8.16,0.115119,6.59582,7.1179e-08,0.237866
8.17,0.115119,6.59582,7.14487e-08,0.237866
8.18,0.115119,6.59582,7.1664e-08,0.237866
8.19,0.115119,6.59582,7.1827e-08,0.237866
8.2,0.115119,6.59582,7.19393e-08,0.237866
8.21,0.115119,6.59583,7.2003e-08,0.237866
8.22,0.115119,6.59583,7.20197e-08,0.237866
8.23,0.115119,6.59583,7.19913e-08,0.237866
8.24,0.115119,6.59583,7.19194e-08,0.237866
8.25,0.115119,6.59583,7.18057e-08,0.237866
8.26,0.115119,6.59583,7.16519e-08,0.237866
8.27,0.115119,6.59583,7.14596e-08,0.237866
8.28,0.115119,6.59583,7.12303e-08,0.237866
8.29,0.115119,6.59583,7.09656e-08,0.237866
8.3,0.115119,6.59583,7.0667e-08,0.237866
8.31,0.115119,6.59583,7.03359e-08,0.237866
8.32,0.115119,6.59583,6.99738e-08,0.237866
8.33,0.115119,6.59583,6.95821e-08,0.237866
8.34,0.115119,6.59583,6.9162e-08,0.237866
8.35,0.115119,6.59583,6.8715e-08,0.237866
8.36,0.115119,6.59583,6.82423e-08,0.237866
8.37,0.115119,6.59583,6.77453e-08,0.237866
8.38,0.115119,6.59583,6.7225e-08,0.237866
8.39,0.115119,6.59583,6.66828e-08,0.237866
8.4,0.115119,6.59583,6.61197e-08,0.237866
8.41,0.115119,6.59583,6.55369e-08,0.237866
8.42,0.115119,6.59583,6.49356e-08,0.237866
8.43,0.115119,6.59583,6.43167e-08,0.237866
8.44,0.115119,6.59583,6.36813e-08,0.237866
8.45,0.115119,6.59583,6.30305e-08,0.237866
8.46,0.115119,6.59583,6.23652e-08,0.237866
8.47,0.115119,6.59583,6.16864e-08,0.237866
8.48,0.115119,6.59583,6.0995e-08,0.237866
8.49,0.115119,6.59583,6.02919e-08,0.237866
8.5,0.115119,6.59583,5.95779e-08,0.237866
8.51,0.115119,6.59583,5.8854e-08,0.237866
8.52,0.115119,6.59583,5.8121e-08,0.237866
8.53,0.115119,6.59583,5.73796e-08,0.237866
8.54,0.115119,6.59583,5.66307e-08,0.237866
8.55,0.115119,6.59583,5.58749e-08,0.237866
8.56,0.115119,6.59583,5.5113e-08,0.237866
8.57,0.115119,6.59583,5.43457e-08,0.237866
8.58,0.115119,6.59583,5.35737e-08,0.237866
8.59,0.115119,6.59583,5.27976e-08,0.237866
8.6,0.115119,6.59583,5.20181e-08,0.237866
8.61,0.115119,6.59583,5.12357e-08,0.237866
8.62,0.115119,6.59583,5.04512e-08,0.237866
8.63,0.115119,6.59583,4.96649e-08,0.237866
8.64,0.115119,6.59583,4.88776e-08,0.237866
8.65,0.115119,6.59583,4.80896e-08,0.237866
8.66,0.115119,6.59583,4.73016e-08,0.237866
8.67,0.115119,6.59583,4.6514e-08,0.237866
8.68,0.115119,6.59583,4.57273e-08,0.237866
8.69,0.115119,6.59583,4.49419e-08,0.237866
8.7,0.115119,6.59583,4.41583e-08,0.237866
8.71,0.115119,6.59583,4.33769e-08,0.237866
8.72,0.115119,6.59583,4.25981e-08,0.237866
8.73,0.115119,6.59583,4.18223e-08,0.237866
8.74,0.115119,6.59583,4.10498e-08,0.237866
8.75,0.115119,6.59583,4.02809e-08,0.237866
8.76,0.115119,6.59583,3.95162e-08,0.237866
8.77,0.115119,6.59583,3.87558e-08,0.237866
8.78,0.115119,6.59583,3.8e-08,0.237866
8.79,0.115119,6.59583,3.72492e-08,0.237866
8.8,0.115119,6.59583,3.65036e-08,0.237866
8.81,0.115119,6.59583,3.57635e-08,0.237866
8.82,0.115119,6.59583,3.50292e-08,0.237866
8.83,0.115119,6.59583,3.43008e-08,0.237866
8.84,0.115119,6.59583,3.35787e-08,0.237866
8.85,0.115119,6.59583,3.28629e-08,0.237866
8.86,0.115119,6.59583,3.21538e-08,0.237866
8.87,0.115119,6.59583,3.14515e-08,0.237866
8.88,0.115119,6.59583,3.07562e-08,0.237866
8.89,0.115119,6.59583,3.00681e-08,0.237866
8.9,0.115119,6.59583,2.93872e-08,0.237866
8.91,0.115119,6.59583,2.87139e-08,0.237866
8.92,0.115119,6.59583,2.80481e-08,0.237866
8.93,0.115119,6.59583,2.739e-08,0.237866
8.94,0.115119,6.59583,2.67398e-08,0.237866
8.95,0.115119,6.59583,2.60975e-08,0.237866
8.96,0.115119,6.59583,2.54632e-08,0.237866
8.97,0.115119,6.59583,2.48371e-08,0.237866
8.98,0.115119,6.59583,2.42192e-08,0.237866
8.99,0.115119,6.59583,2.36096e-08,0.237866
9,0.115119,6.59583,2.30083e-08,0.237866
9.01,0.115119,6.59583,2.24154e-08,0.237866
9.02,0.115119,6.59583,2.1831e-08,0.237866
9.03,0.115119,6.59583,2.12551e-08,0.237866
9.04,0.115119,6.59583,2.06877e-08,0.237866
9.05,0.115119,6.59583,2.01289e-08,0.237866
9.06,0.115119,6.59583,1.95787e-08,0.237866
9.07,0.115119,6.59583,1.90371e-08,0.237866
9.08,0.115119,6.59583,1.85041e-08,0.237866
9.09,0.115119,6.59583,1.79797e-08,0.237866
9.1,0.115119,6.59583,1.7464e-08,0.237866
9.11,0.115119,6.59583,1.69568e-08,0.237866
9.12,0.115119,6.59583,1.64583e-08,0.237866
9.13,0.115119,6.59583,1.59684e-08,0.237866
9.14,0.115119,6.59583,1.5487e-08,0.237866
9.15,0.115119,6.59583,1.50142e-08,0.237866
9.16,0.115119,6.59583,1.45499e-08,0.237866
9.17,0.115119,6.59583,1.40941e-08,0.237866
9.18,0.115119,6.59583,1.36467e-08,0.237866
9.19,0.115119,6.59583,1.32077e-08,0.237866
9.2,0.115119,6.59583,1.27771e-08,0.237866
9.21,0.115119,6.59583,1.23548e-08,0.237866
9.22,0.115119,6.59583,1.19407e-08,0.237866
9.23,0.115119,6.59583,1.15349e-08,0.237866
9.24,0.115119,6.59583,1.11371e-08,0.237866
9.25,0.115119,6.59583,1.07475e-08,0.237866
9.26,0.115119,6.59583,1.03659e-08,0.237866
9.27,0.115119,6.59583,9.99229e-09,0.237866
9.28,0.115119,6.59583,9.62654e-09,0.237866
9.29,0.115119,6.59583,9.2686e-09,0.237866
9.3,0.115119,6.59583,8.9184e-09,0.237866
9.31,0.115119,6.59583,8.57588e-09,0.237866
9.32,0.115119,6.59583,8.24094e-09,0.237866
9.33,0.115119,6.59583,7.91352e-09,0.237866
9.34,0.115119,6.59583,7.59353e-09,0.237866
9.35,0.115119,6.59583,7.28089e-09,0.237866
9.36,0.115119,6.59583,6.97552e-09,0.237866
9.37,0.115119,6.59583,6.67733e-09,0.237866
9.38,0.115119,6.59583,6.38624e-09,0.237866
9.39,0.115119,6.59583,6.10216e-09,0.237866
9.4,0.115119,6.59583,5.825e-09,0.237866
9.41,0.115119,6.59583,5.55467e-09,0.237866
9.42,0.115119,6.59583,5.29108e-09,0.237866
9.43,0.115119,6.59583,5.03414e-09,0.237866
9.44,0.115119,6.59583,4.78377e-09,0.237866
9.45,0.115119,6.59583,4.53986e-09,0.237866
9.46,0.115119,6.59583,4.30233e-09,0.237866
9.47,0.115119,6.59583,4.07107e-09,0.237866
9.48,0.115119,6.59583,3.84601e-09,0.237866
9.49,0.115119,6.59583,3.62704e-09,0.237866
9.5,0.115119,6.59583,3.41407e-09,0.237866
9.51,0.115119,6.59583,3.20701e-09,0.237866
9.52,0.115119,6.59583,3.00576e-09,0.237866
9.53,0.115119,6.59583,2.81023e-09,0.237866
9.54,0.115119,6.59583,2.62032e-09,0.237866
9.55,0.115119,6.59583,2.43594e-09,0.237866
9.56,0.115119,6.59583,2.257e-09,0.237866
9.57,0.115119,6.59583,2.08339e-09,0.237866
9.58,0.115119,6.59583,1.91504e-09,0.237866
9.59,0.115119,6.59583,1.75183e-09,0.237866
9.6,0.115119,6.59583,1.59369e-09,0.237866
9.61,0.115119,6.59583,1.44052e-09,0.237866
9.62,0.115119,6.59583,1.29222e-09,0.237866
9.63,0.115119,6.59583,1.14871e-09,0.237866
9.64,0.115119,6.59583,1.00988e-09,0.237866
9.65,0.115119,6.59583,8.75665e-10,0.237866
9.66,0.115119,6.59583,7.45957e-10,0.237866
9.67,0.115119,6.59583,6.20671e-10,0.237866
9.68,0.115119,6.59583,4.99718e-10,0.237866
9.69,0.115119,6.59583,3.83009e-10,0.237866
9.7,0.115119,6.59583,2.70458e-10,0.237866
9.71,0.115119,6.59583,1.61976e-10,0.237866
9.72,0.115119,6.59583,5.74784e-11,0.237866
9.73,0.115119,6.59583,-4.31207e-11,0.237866
9.74,0.115119,6.59583,-1.39906e-10,0.237866
9.75,0.115119,6.59583,-2.32961e-10,0.237866
9.76,0.115119,6.59583,-3.22368e-10,0.237866
9.77,0.115119,6.59583,-4.0821e-10,0.237866
9.78,0.115119,6.59583,-4.90568e-10,0.237866
9.79,0.115119,6.59583,-5.69522e-10,0.237866
9.8,0.115119,6.59583,-6.45151e-10,0.237866
9.81,0.115119,6.59583,-7.17534e-10,0.237866
9.82,0.115119,6.59583,-7.86748e-10,0.237866
9.83,0.115119,6.59583,-8.5287e-10,0.237866
9.84,0.115119,6.59583,-9.15975e-10,0.237866
9.85,0.115119,6.59583,-9.76138e-10,0.237866
9.86,0.115119,6.59583,-1.03343e-09,0.237866
9.87,0.115119,6.59583,-1.08793e-09,0.237866
9.88,0.115119,6.59583,-1.1397e-09,0.237866
9.89,0.115119,6.59583,-1.18882e-09,0.237866
9.9,0.115119,6.59583,-1.23536e-09,0.237866
9.91,0.115119,6.59583,-1.27938e-09,0.237866
9.92,0.115119,6.59583,-1.32095e-09,0.237866
9.93,0.115119,6.59583,-1.36014e-09,0.237866
9.94,0.115119,6.59583,-1.39701e-09,0.237866
9.95,0.115119,6.59583,-1.43163e-09,0.237866
9.96,0.115119,6.59583,-1.46406e-09,0.237866
9.97,0.115119,6.59583,-1.49436e-09,0.237866
9.98,0.115119,6.59583,-1.5226e-09,0.237866
9.99,0.115119,6.59583,-1.54884e-09,0.237866
10,0.115119,6.59583,-1.57313e-09,0.237866
